{"MAE": 11.54312069412322, "RMSE": 17.0456097710805, "R2": 0.994822627095914, "MAPE": 1.9206901486336672, "RMSE_Percentage": 2.9171584244514004}