{"loss": [0.0013733049854636192, 0.00012531176616903394, 9.483536996413022e-05, 7.748053030809388e-05, 7.618674135301262e-05, 6.871477671666071e-05, 5.691033948096447e-05, 4.771194653585553e-05, 4.6546629164367914e-05, 4.600470856530592e-05, 4.2713643779279664e-05, 4.264739982318133e-05, 4.482323492993601e-05, 4.206513403914869e-05, 3.954590647481382e-05, 4.1279774450231344e-05, 4.0688046283321455e-05, 3.9455135265598074e-05, 3.7434729165397584e-05, 3.794003714574501e-05, 3.534426650730893e-05, 3.3741333027137443e-05, 3.3340140362270176e-05, 3.508399095153436e-05, 3.231879964005202e-05, 3.300813477835618e-05, 3.370799095137045e-05, 3.260969606344588e-05, 3.22519990731962e-05, 3.3172673283843324e-05, 3.275740527897142e-05, 3.2304356864187866e-05, 3.147520328639075e-05, 3.058682705159299e-05, 3.1335799576481804e-05, 3.0083612728049047e-05, 3.102304253843613e-05, 3.1489995308220387e-05, 3.057928188354708e-05, 3.1148912967182696e-05, 3.056965579162352e-05, 3.124601425952278e-05, 3.104881398030557e-05, 3.075605127378367e-05, 2.9982214982737787e-05, 3.0917395633878186e-05, 3.0576953577110544e-05, 3.078923691646196e-05], "val_loss": [0.00010942899825749919, 5.388696808950044e-05, 3.644309254013933e-05, 4.794523192686029e-05, 2.5446772269788198e-05, 2.6450770747032948e-05, 3.0336168492794968e-05, 4.559275112114847e-05, 2.3935763238114305e-05, 2.4685323296580464e-05, 2.2975904357736e-05, 2.1096515411045402e-05, 2.2557163902092725e-05, 2.168316495954059e-05, 2.4372508050873876e-05, 4.611344775184989e-05, 2.4486636903020553e-05, 2.1872116121812724e-05, 2.394786133663729e-05, 2.091354144795332e-05, 1.9468543541734107e-05, 2.232032420579344e-05, 1.9918616089853458e-05, 2.090314774250146e-05, 2.24736359086819e-05, 1.963707836694084e-05, 1.992175202758517e-05, 1.9343147869221866e-05, 1.97344743355643e-05, 2.0419302018126473e-05, 2.1427411411423236e-05, 2.0432831661310047e-05, 1.9168786820955575e-05, 1.926125150930602e-05, 2.082398350466974e-05, 2.1957452190690674e-05, 1.9299146515550092e-05, 2.0346898963907734e-05, 2.0104582290514372e-05, 1.9756182155106217e-05, 1.9350021830177866e-05, 1.927162338688504e-05, 2.0013359971926548e-05, 1.9473036445560865e-05, 1.919226997415535e-05, 1.951920785359107e-05, 1.9774255633819848e-05, 1.9304274246678688e-05], "learning_rate": [0.0005000000237487257, 0.0005000000237487257, 0.0005000000237487257, 0.0005000000237487257, 0.0005000000237487257, 0.0005000000237487257, 0.0002500000118743628, 0.0002500000118743628, 0.0002500000118743628, 0.0002500000118743628, 0.0002500000118743628, 0.0001250000059371814, 0.0001250000059371814, 0.0001250000059371814, 0.0001250000059371814, 0.0001250000059371814, 6.25000029685907e-05, 6.25000029685907e-05, 6.25000029685907e-05, 6.25000029685907e-05, 6.25000029685907e-05, 3.125000148429535e-05, 3.125000148429535e-05, 3.125000148429535e-05, 3.125000148429535e-05, 3.125000148429535e-05, 1.5625000742147677e-05, 1.5625000742147677e-05, 1.5625000742147677e-05, 1.5625000742147677e-05, 1.5625000742147677e-05, 7.812500371073838e-06, 7.812500371073838e-06, 7.812500371073838e-06, 7.812500371073838e-06, 7.812500371073838e-06, 3.906250185536919e-06, 3.906250185536919e-06, 3.906250185536919e-06, 3.906250185536919e-06, 3.906250185536919e-06, 1.9531250927684596e-06, 1.9531250927684596e-06, 1.9531250927684596e-06, 1.9531250927684596e-06, 1.9531250927684596e-06, 9.765625463842298e-07, 9.765625463842298e-07]}