{"MAE": 1213.4955983009324, "RMSE": 1658.586954821702, "R2": 0.9953957104134158, "MAPE": 1.2258418262232265, "RMSE_Percentage": 1.6518622528762592}