{"loss": [0.0008484208374284208, 0.0002583512687124312, 0.00014450534945353866, 0.00010492198634892702, 8.19364286144264e-05, 6.082408071961254e-05, 5.602389501291327e-05, 5.033073466620408e-05, 3.589158950489946e-05, 3.759401442948729e-05, 3.1048515666043386e-05, 3.523628765833564e-05, 3.5958251828560606e-05, 2.8958573238924146e-05, 2.6888861611951143e-05, 2.7048428819398396e-05, 2.6836563847609796e-05, 2.805036820063833e-05, 2.36643882089993e-05, 2.2574573449674062e-05, 2.2297705072560348e-05, 2.3004029571893625e-05, 2.2221571271074936e-05, 2.142045741493348e-05, 2.1712114175898023e-05, 2.3105108994059265e-05, 2.101267637044657e-05, 2.2116631953394972e-05, 1.9987102859886363e-05, 2.0478970327530988e-05, 2.1140447643119842e-05, 2.1098292563692667e-05, 2.0365481759654358e-05, 1.860084739746526e-05, 1.9518760382197797e-05, 2.149515421479009e-05, 2.099102312058676e-05, 2.0889247025479563e-05, 2.0247640350135043e-05, 1.943602728715632e-05, 1.9827297364827245e-05, 1.823274214984849e-05, 2.0893983673886396e-05, 1.866067213995848e-05, 1.7779731933842413e-05, 1.9107852494926192e-05, 1.952338425326161e-05, 1.833645364968106e-05, 1.9687260646605864e-05, 1.9944316591136158e-05, 1.8275615730090067e-05, 1.9638666344690137e-05, 2.0352834326331504e-05, 1.9351084119989537e-05, 1.9259334294474684e-05, 1.8170501789427362e-05, 1.8866681784857064e-05, 1.856269773270469e-05, 1.905219141917769e-05, 2.0173063603579067e-05], "val_loss": [0.0008353676530532539, 0.0002163534372812137, 7.625867146998644e-05, 0.00011391870066290721, 5.120820424053818e-05, 7.325774640776217e-05, 8.443035039817914e-05, 6.423876038752496e-05, 5.343118027667515e-05, 5.041710028308444e-05, 0.00010709409252740443, 8.36221151985228e-05, 6.993732677074149e-05, 4.907162656309083e-05, 4.9075650167651474e-05, 6.700285302940756e-05, 7.91812562965788e-05, 4.7495235776295885e-05, 5.275007424643263e-05, 5.3494070016313344e-05, 5.186146518099122e-05, 5.081834751763381e-05, 5.5556993174832314e-05, 4.778814036399126e-05, 4.68240978079848e-05, 6.308428419288248e-05, 4.7487919800914824e-05, 4.68160433229059e-05, 5.874353155377321e-05, 4.717703995993361e-05, 5.452683035400696e-05, 4.859751425101422e-05, 5.329195846570656e-05, 4.915662429993972e-05, 4.61503877886571e-05, 4.9459937145002186e-05, 4.600885949912481e-05, 4.763052857015282e-05, 4.661277853301726e-05, 4.608788731275126e-05, 4.6285727876238525e-05, 4.6178851334843785e-05, 4.5819691877113655e-05, 4.56390916951932e-05, 4.55291556136217e-05, 4.561253444990143e-05, 4.5577191485790536e-05, 4.645136868930422e-05, 4.56052330264356e-05, 4.630602416000329e-05, 4.676296521211043e-05, 4.5578355639008805e-05, 4.5674798457184806e-05, 4.648840695153922e-05, 4.58162248833105e-05, 4.5603923354065046e-05, 4.603719571605325e-05, 4.607317896443419e-05, 4.569323573377915e-05, 4.6255743654910475e-05], "learning_rate": [0.0005000000237487257, 0.0005000000237487257, 0.0005000000237487257, 0.0005000000237487257, 0.0005000000237487257, 0.0005000000237487257, 0.0005000000237487257, 0.0005000000237487257, 0.0002500000118743628, 0.0002500000118743628, 0.0002500000118743628, 0.0002500000118743628, 0.0002500000118743628, 0.0001250000059371814, 0.0001250000059371814, 0.0001250000059371814, 0.0001250000059371814, 0.0001250000059371814, 6.25000029685907e-05, 6.25000029685907e-05, 6.25000029685907e-05, 6.25000029685907e-05, 6.25000029685907e-05, 3.125000148429535e-05, 3.125000148429535e-05, 3.125000148429535e-05, 3.125000148429535e-05, 3.125000148429535e-05, 1.5625000742147677e-05, 1.5625000742147677e-05, 1.5625000742147677e-05, 1.5625000742147677e-05, 1.5625000742147677e-05, 7.812500371073838e-06, 7.812500371073838e-06, 7.812500371073838e-06, 7.812500371073838e-06, 7.812500371073838e-06, 3.906250185536919e-06, 3.906250185536919e-06, 3.906250185536919e-06, 3.906250185536919e-06, 3.906250185536919e-06, 1.9531250927684596e-06, 1.9531250927684596e-06, 1.9531250927684596e-06, 1.9531250927684596e-06, 1.9531250927684596e-06, 9.765625463842298e-07, 9.765625463842298e-07, 9.765625463842298e-07, 9.765625463842298e-07, 9.765625463842298e-07, 4.882812731921149e-07, 4.882812731921149e-07, 4.882812731921149e-07, 4.882812731921149e-07, 4.882812731921149e-07, 2.4414063659605745e-07, 2.4414063659605745e-07]}