{"MAE": 42.94775121278311, "RMSE": 57.77489706666135, "R2": 0.9801320249798494, "MAPE": 1.2369642212616412, "RMSE_Percentage": 1.6690547285140214}