{"loss": [0.0006130819674581289, 0.00016616367793176323, 0.00010205655416939408, 7.256031676661223e-05, 5.1393144531175494e-05, 4.2287847463740036e-05, 3.373897561687045e-05, 3.1659743399359286e-05, 2.883855631807819e-05, 2.7615298677119426e-05, 2.0268780644983053e-05, 1.897985021059867e-05, 1.6886202502064407e-05, 1.6813486581668258e-05, 1.6349096767953597e-05, 1.565850106999278e-05, 1.4904793715686537e-05, 1.4752038623555563e-05, 1.4569956874765921e-05, 1.3930362911196426e-05, 1.2696189514826983e-05, 1.3282724466989748e-05, 1.3895055417378899e-05, 1.2872633305960335e-05, 1.2895470717921853e-05, 1.279605203308165e-05, 1.192204945255071e-05, 1.1874715710291639e-05, 1.2574592801684048e-05, 1.2494332622736692e-05, 1.1658232324407436e-05, 1.26841941892053e-05, 1.1681126125040464e-05, 1.182348933070898e-05, 1.1307271051919088e-05, 1.1648699000943452e-05, 1.122861067415215e-05, 1.1455088497314136e-05, 1.1881568752869498e-05, 1.1206180715817027e-05, 1.1547631402208935e-05, 1.157091355707962e-05, 1.1496151273604482e-05, 1.1020939382433426e-05, 1.093215814762516e-05, 1.1062712474085856e-05, 1.1737005479517393e-05, 1.1340405762894079e-05, 1.1124876436952036e-05, 1.1576476026675664e-05, 1.1349403393978719e-05, 1.1002200153598096e-05, 1.1188385542482138e-05, 1.062093724613078e-05, 1.0757114068837836e-05, 1.1538008948264178e-05, 1.1321028978272807e-05, 1.1138471563754138e-05, 1.1255619028816e-05, 1.0886074051086325e-05, 1.0533788554312196e-05, 1.1594897841860075e-05, 1.0986877896357328e-05, 1.1203912436030805e-05, 1.0866047887247987e-05, 1.1517429811647162e-05, 1.0720142199716065e-05, 1.1324420484015718e-05, 1.1234835255891085e-05, 1.205600710818544e-05], "val_loss": [0.0003234979812987149, 0.00020044382836204022, 0.00011467955482657999, 0.00011303048086119816, 9.749286982696503e-05, 0.00010274334636051208, 6.68975044391118e-05, 0.0001596484798938036, 6.731177563779056e-05, 9.42094557103701e-05, 5.897689698031172e-05, 6.153366120997816e-05, 8.488103048875928e-05, 5.868375956197269e-05, 5.5411037465091795e-05, 5.4038348025642335e-05, 6.852390652056783e-05, 5.588132262346335e-05, 5.2865878387819976e-05, 6.14448290434666e-05, 5.473634155350737e-05, 5.166289338376373e-05, 5.167637937120162e-05, 5.1273884309921414e-05, 5.111774953547865e-05, 5.1420636737020686e-05, 5.040293763158843e-05, 5.712522761314176e-05, 5.0255199312232435e-05, 5.031647015130147e-05, 4.9970243708230555e-05, 5.233377669355832e-05, 5.255236828816123e-05, 5.317277827998623e-05, 5.0405207730364054e-05, 4.9990281695500016e-05, 5.066597441327758e-05, 5.361693547456525e-05, 4.982428072253242e-05, 5.1049471949227154e-05, 4.999610246159136e-05, 4.9758255045162514e-05, 4.970253212377429e-05, 5.036892616772093e-05, 5.0016264140140265e-05, 4.975454066880047e-05, 4.959837315254845e-05, 5.027840597904287e-05, 4.957161218044348e-05, 4.969663132214919e-05, 4.944638931192458e-05, 5.027889710618183e-05, 4.944169631926343e-05, 4.9454036343377084e-05, 4.952653398504481e-05, 4.9435697292210534e-05, 4.950160291627981e-05, 4.945511318510398e-05, 4.946242552250624e-05, 4.943125168210827e-05, 4.9519483582116663e-05, 4.9526424845680594e-05, 4.9494814447825775e-05, 4.955676195095293e-05, 4.9451271479483694e-05, 4.942939631291665e-05, 4.945945693179965e-05, 4.9439673603046685e-05, 4.9497441068524495e-05, 4.9451493396190926e-05], "learning_rate": [0.0005000000237487257, 0.0005000000237487257, 0.0005000000237487257, 0.0005000000237487257, 0.0005000000237487257, 0.0005000000237487257, 0.0005000000237487257, 0.0005000000237487257, 0.0005000000237487257, 0.0005000000237487257, 0.0002500000118743628, 0.0002500000118743628, 0.0002500000118743628, 0.0002500000118743628, 0.0002500000118743628, 0.0001250000059371814, 0.0001250000059371814, 0.0001250000059371814, 0.0001250000059371814, 0.0001250000059371814, 6.25000029685907e-05, 6.25000029685907e-05, 6.25000029685907e-05, 6.25000029685907e-05, 6.25000029685907e-05, 3.125000148429535e-05, 3.125000148429535e-05, 3.125000148429535e-05, 3.125000148429535e-05, 3.125000148429535e-05, 1.5625000742147677e-05, 1.5625000742147677e-05, 1.5625000742147677e-05, 1.5625000742147677e-05, 1.5625000742147677e-05, 7.812500371073838e-06, 7.812500371073838e-06, 7.812500371073838e-06, 7.812500371073838e-06, 7.812500371073838e-06, 3.906250185536919e-06, 3.906250185536919e-06, 3.906250185536919e-06, 3.906250185536919e-06, 3.906250185536919e-06, 1.9531250927684596e-06, 1.9531250927684596e-06, 1.9531250927684596e-06, 1.9531250927684596e-06, 1.9531250927684596e-06, 9.765625463842298e-07, 9.765625463842298e-07, 9.765625463842298e-07, 9.765625463842298e-07, 9.765625463842298e-07, 4.882812731921149e-07, 4.882812731921149e-07, 4.882812731921149e-07, 4.882812731921149e-07, 4.882812731921149e-07, 2.4414063659605745e-07, 2.4414063659605745e-07, 2.4414063659605745e-07, 2.4414063659605745e-07, 2.4414063659605745e-07, 1.2207031829802872e-07, 1.2207031829802872e-07, 1.2207031829802872e-07, 1.2207031829802872e-07, 1.2207031829802872e-07]}